{
    "key": "group_617ef649c1bd2",
    "title": "Campanhas",
    "fields": [
        {
            "key": "field_617ef6ba5483a",
            "label": "Plus\/Premium",
            "name": "plus_premium",
            "type": "radio",
            "instructions": "",
            "required": 1,
            "conditional_logic": 0,
            "wrapper": {
                "width": "",
                "class": "",
                "id": ""
            },
            "choices": {
                "plus": "Plus",
                "premium": "Premium"
            },
            "allow_null": 0,
            "other_choice": 0,
            "default_value": "",
            "layout": "horizontal",
            "return_format": "value",
            "save_other_choice": 0
        },
        {
            "key": "field_617ef66354837",
            "label": "Descrição",
            "name": "descricao",
            "type": "textarea",
            "instructions": "",
            "required": 1,
            "conditional_logic": 0,
            "wrapper": {
                "width": "",
                "class": "",
                "id": ""
            },
            "default_value": "",
            "placeholder": "",
            "maxlength": "",
            "rows": "",
            "new_lines": ""
        },
        {
            "key": "field_617ef67454838",
            "label": "Valor mensal do Curso",
            "name": "valor_mensal_curso",
            "type": "text",
            "instructions": "",
            "required": 1,
            "conditional_logic": 0,
            "wrapper": {
                "width": "",
                "class": "",
                "id": ""
            },
            "default_value": "",
            "placeholder": "",
            "prepend": "",
            "append": "",
            "maxlength": ""
        },
        {
            "key": "field_617ef82c54fef",
            "label": "Valor anual do Curso",
            "name": "valor_anual_curso",
            "type": "text",
            "instructions": "",
            "required": 1,
            "conditional_logic": [
                [
                    {
                        "field": "field_617ef6ba5483a",
                        "operator": "==",
                        "value": "premium"
                    }
                ]
            ],
            "wrapper": {
                "width": "",
                "class": "",
                "id": ""
            },
            "default_value": "",
            "placeholder": "",
            "prepend": "",
            "append": "",
            "maxlength": ""
        },
        {
            "key": "field_617ef68e54839",
            "label": "Link do botão Assinar Agora",
            "name": "link_botao_assinar",
            "type": "url",
            "instructions": "",
            "required": 1,
            "conditional_logic": 0,
            "wrapper": {
                "width": "",
                "class": "",
                "id": ""
            },
            "default_value": "",
            "placeholder": ""
        },
        {
            "key": "field_617ef90589aa8",
            "label": "Link do botão Assinar Mensal",
            "name": "link_botao_assinar_mensal",
            "type": "url",
            "instructions": "",
            "required": 1,
            "conditional_logic": [
                [
                    {
                        "field": "field_617ef6ba5483a",
                        "operator": "==",
                        "value": "premium"
                    }
                ]
            ],
            "wrapper": {
                "width": "",
                "class": "",
                "id": ""
            },
            "default_value": "",
            "placeholder": ""
        },
        {
            "key": "field_617ef92389aa9",
            "label": "Link do botão Assinar Anual",
            "name": "link_botao_assinar_anual",
            "type": "url",
            "instructions": "",
            "required": 1,
            "conditional_logic": [
                [
                    {
                        "field": "field_617ef6ba5483a",
                        "operator": "==",
                        "value": "premium"
                    }
                ]
            ],
            "wrapper": {
                "width": "",
                "class": "",
                "id": ""
            },
            "default_value": "",
            "placeholder": ""
        }
    ],
    "location": [
        [
            {
                "param": "post_type",
                "operator": "==",
                "value": "campanhas"
            }
        ]
    ],
    "menu_order": 0,
    "position": "normal",
    "style": "default",
    "label_placement": "top",
    "instruction_placement": "label",
    "hide_on_screen": [
        "the_content"
    ],
    "active": true,
    "description": "",
    "modified": 1635873531
}